Accuracy,Completeness,Organization,Synthesis,Overall
1.0,1.0,2.6774857142857145,0.5142857142857142,1.4517142857142857
