Accuracy,Completeness,Organization,Synthesis,Overall
2.7857142857142856,1.6028571428571428,4.249028571428571,0.76,2.561314285714286
