Accuracy,Completeness,Organization,Synthesis,Overall
2.605714285714286,1.5485714285714285,3.727257142857143,1.4114285714285715,2.4793714285714286
