Accuracy,Completeness,Organization,Synthesis,Overall
2.557142857142857,1.957142857142857,4.167599999999999,2.12,2.8637142857142863
