Accuracy,Completeness,Organization,Synthesis,Overall
1.9885714285714287,2.4828571428571427,3.571257142857143,1.3257142857142856,2.478914285714285
