Accuracy,Completeness,Organization,Synthesis,Overall
2.802857142857143,2.36,4.690342857142857,1.36,3.013371428571429
