Accuracy,Completeness,Organization,Synthesis,Overall
1.0,1.0,1.4230285714285713,0.7657142857142857,1.0889714285714287
