Accuracy,Completeness,Organization,Synthesis,Overall
1.9285714285714286,1.5085714285714287,2.7807999999999997,1.3342857142857143,1.9874285714285715
