Accuracy,Completeness,Organization,Synthesis,Overall
2.402857142857143,1.5485714285714285,3.3884000000000003,0.6771428571428572,2.158628571428572
