Accuracy,Completeness,Organization,Synthesis,Overall
1.4314285714285715,2.1314285714285712,2.955885714285714,1.5542857142857143,2.1222285714285714
